internal_id,android_id
meta_first_flight,CgkI3eXNjrQcEAIQBw
meta_logged_on,CgkI3eXNjrQcEAIQGg
world_frost_reached,TODO_android_world_frost_reached
world_verdant_reached,TODO_android_world_verdant_reached
world_ember_reached,TODO_android_world_ember_reached
world_tide_reached,TODO_android_world_tide_reached
loop_1,TODO_android_loop_1
loop_2,TODO_android_loop_2
loop_5,TODO_android_loop_5
boss_space,TODO_android_boss_space
boss_frost,TODO_android_boss_frost
boss_verdant,TODO_android_boss_verdant
boss_ember,TODO_android_boss_ember
boss_tide,TODO_android_boss_tide
boss_no_hit,TODO_android_boss_no_hit
boss_all,TODO_android_boss_all
elite_first,TODO_android_elite_first
elite_10,TODO_android_elite_10
elite_50,TODO_android_elite_50
elite_space_all,TODO_android_elite_space_all
elite_frost_all,TODO_android_elite_frost_all
elite_verdant_all,TODO_android_elite_verdant_all
elite_ember_all,TODO_android_elite_ember_all
elite_blink,TODO_android_elite_blink
kills_100,TODO_android_kills_100
kills_1000,TODO_android_kills_1000
kills_5000,TODO_android_kills_5000
rocks_500,TODO_android_rocks_500
mines_25,TODO_android_mines_25
chain_10,TODO_android_chain_10
mega_domino,TODO_android_mega_domino
codex_10,TODO_android_codex_10
codex_50,TODO_android_codex_50
codex_field_guide,TODO_android_codex_field_guide
codex_complete,TODO_android_codex_complete
ship_first,CgkI3eXNjrQcEAIQHQ
ship_half,TODO_android_ship_half
ship_all,CgkI3eXNjrQcEAIQHg
skin_first,TODO_android_skin_first
skin_special,TODO_android_skin_special
skin_full_set,TODO_android_skin_full_set
secret_power_first,TODO_android_secret_power_first
stars_150,CgkI3eXNjrQcEAIQGw
stars_1000,CgkI3eXNjrQcEAIQHA
stars_5000,TODO_android_stars_5000
dust_spent_10000,TODO_android_dust_spent_10000
score_10k,TODO_android_score_10k
score_50k,TODO_android_score_50k
score_150k,TODO_android_score_150k
speed_flash,CgkI3eXNjrQcEAIQCQ
speed_speedster,CgkI3eXNjrQcEAIQCA
speed_super_sonic,CgkI3eXNjrQcEAIQCg
deaths_10,CgkI3eXNjrQcEAIQFw
deaths_100,CgkI3eXNjrQcEAIQGQ
pause_first,CgkI3eXNjrQcEAIQDA
pause_blink_kill,CgkI3eXNjrQcEAIQDQ
pause_blink_100,TODO_android_pause_blink_100
pause_no_pause_world,TODO_android_pause_no_pause_world
pause_hoarder,TODO_android_pause_hoarder
pause_perfect_dodge,TODO_android_pause_perfect_dodge
